adult,belongs_to_collection,budget,genres,homepage,id,imdb_id,original_language,original_title,overview,popularity,poster_path,production_companies,production_countries,release_date,revenue,runtime,spoken_languages,status,tagline,title,video,vote_average,vote_count
False,,0,"[{'id': 28, 'name': 'Action'}, {'id': 12, 'name': 'Adventure'}, {'id': 53, 'name': 'Thriller'}]",,44918,tt1640571,en,Titanic II,"On the 100th anniversary of the original voyage, a modern luxury liner christened ""Titanic 2,"" follows the path of its namesake. But when a tsunami hurls an ice berg into the new ship's path, the passengers and crew must fight to avoid a similar fate.",4.359886,/tUSMxX60DGkTIoiDnUNNrJLtP3t.jpg,"[{'name': 'The Global Asylum', 'id': 1371}]","[{'iso_3166_1': 'US', 'name': 'United States of America'}]",2010-08-07,0,90.0,"[{'iso_639_1': 'en', 'name': 'English'}]",Released,"100 years later, lightning strikes twice",Titanic 2,False,3.4,55
False,,0,"[{'id': 18, 'name': 'Drama'}, {'id': 10752, 'name': 'War'}]",,63990,tt1799110,en,Joanna,"In an era in which it is difficult for the true emotion and excitement, Feliks Falk found the key to the human heart. How many of us love? How much we are able to self-sacrifice? Is there a price that can not pay, when it comes to life of a loved one? Are we really as good as we think about yourself? In Joanna's life is given forever. Today's friend suddenly becomes an enemy. Reflex heart turns into a curse. When one of the lonely woman takes care of little girls-czynkę do not know that from now on, her life will be sweet - bitter taste. Fate in this film is everything. Allows people to find that in a moment blow and lead to separation. After-forgives love, for which you have to pay a huge price. Fulfills the promise of happiness loneliness, brittle as glass.",0.37667,/ucQ6WrQSPT9N5Vqf7wtJ7C600vB.jpg,"[{'name': 'ITI Cinema', 'id': 68040}]","[{'iso_3166_1': 'PL', 'name': 'Poland'}]",2010-11-26,0,88.0,"[{'iso_639_1': 'fr', 'name': 'Français'}, {'iso_639_1': 'de', 'name': 'Deutsch'}, {'iso_639_1': 'pl', 'name': 'Polski'}]",Released,,Joanna,False,7.0,2
False,,0,"[{'id': 18, 'name': 'Drama'}, {'id': 27, 'name': 'Horror'}]",,28669,tt0059635,en,Rasputin: The Mad Monk,"Rasputin, a crazed and debauched monk wreaks havoc at the local inn one night, chopping off the hand of one of the drinkers. As the bitter locals plan their revenge, the evil Rasputin works his satanic power over the beautiful women who serve at the Tsar's palace. Even the Tsarina herself is seduced by his evil ways and, as his influence begins to dominate government policy, there is only one course of action left... to destroy him before he destroys them all.",1.921686,/dRanLQi2WkTrqHvTz5TiGniOkKb.jpg,"[{'name': 'Seven Arts Productions', 'id': 516}, {'name': 'Hammer Film Productions', 'id': 1314}]","[{'iso_3166_1': 'GB', 'name': 'United Kingdom'}]",1966-03-06,0,91.0,"[{'iso_639_1': 'en', 'name': 'English'}]",Released,Ladies' Man - And Lady Killer!,Rasputin: The Mad Monk,False,5.6,25
False,,0,"[{'id': 99, 'name': 'Documentary'}]",,188421,tt1738321,en,A History of Horror with Mark Gatiss,"Mark Gatiss examines the history of the horror film, from classic Hollywood monsters to Hammer's glory days and beyond.",0.48845,/tvt41qD1YjJs0eGUF38MI3Wab1o.jpg,[],[],2010-10-25,0,177.0,"[{'iso_639_1': 'en', 'name': 'English'}]",Released,,A History of Horror with Mark Gatiss,False,9.0,3
False,,7500000,"[{'id': 27, 'name': 'Horror'}, {'id': 35, 'name': 'Comedy'}, {'id': 9648, 'name': 'Mystery'}]",,39164,tt0085693,en,House of the Long Shadows,"An American writer goes to a remote Welsh manor on a $20,000 bet: can he write a classic novel like ""Wuthering Heights"" in twenty-four hours? Upon his arrival, however, the writer discovers that the manor, thought empty, actually has several, rather odd, inhabitants.",1.185515,/uKi7gtXhqjR2uCOQsJ8KuuM7lsT.jpg,"[{'name': 'London-Cannon Films', 'id': 6231}]","[{'iso_3166_1': 'GB', 'name': 'United Kingdom'}]",1983-06-17,0,100.0,"[{'iso_639_1': 'en', 'name': 'English'}]",Released,,House of the Long Shadows,False,6.1,18
False,"{'id': 123720, 'name': 'Frankenstein (Hammer Series)', 'poster_path': '/fKiok5TbCKWRgfNd4Rj8gPMzGJp.jpg', 'backdrop_path': '/gl9Gi60C9WYVkObOMll19OROhMC.jpg'}",0,"[{'id': 27, 'name': 'Horror'}, {'id': 878, 'name': 'Science Fiction'}]",,3104,tt0061683,en,Frankenstein Created Woman,"A deformed tormented girl drowns herself after her lover is framed for murder and guillotined. Baron Frankenstein, experimenting with the transfer of souls, places the boy's soul into her body, bringing Christina back to life. Driven by revenge, she carries out a violent retribution on those responsible for both deaths.",2.302582,/s95WohDSxZ0WyCQn8fzS92ZN8Xv.jpg,"[{'name': 'Hammer Film Productions', 'id': 1314}]","[{'iso_3166_1': 'GB', 'name': 'United Kingdom'}]",1967-03-15,0,92.0,"[{'iso_639_1': 'en', 'name': 'English'}]",Released,Now Frankenstein has created a beautiful woman with the soul of the Devil!,Frankenstein Created Woman,False,5.9,33
False,,0,"[{'id': 35, 'name': 'Comedy'}, {'id': 28, 'name': 'Action'}, {'id': 99, 'name': 'Documentary'}]",,20776,tt0321359,en,Return to the Batcave: The Misadventures of Adam and Burt,"Adam West and Burt Ward are taken on a crazy adventure when the Batmobile is stolen from a car museum and they must track down the thief and return it. After solving a puzzle, they realize that the clues to finding the fiend who stole the Batmobile are hidden in their past. During the search, they flashback to their three seasons in tights, including their many sexual escapades.",1.348822,/9jWkvwp9DNpUGAi57MiRwp3iYLJ.jpg,"[{'name': 'Artisan Entertainment', 'id': 2188}, {'name': 'The Kaufman Company', 'id': 17885}]","[{'iso_3166_1': 'US', 'name': 'United States of America'}]",2003-03-09,0,90.0,"[{'iso_639_1': 'en', 'name': 'English'}]",Released,"Holy reunion, Batman!",Return to the Batcave: The Misadventures of Adam and Burt,False,5.8,14
False,"{'id': 37261, 'name': 'The Carry On Collection', 'poster_path': '/2P0HNrYgKDvirV8RCdT1rBSJdbJ.jpg', 'backdrop_path': '/38tF1LJN7ULeZAuAfP7beaPMfcl.jpg'}",0,"[{'id': 35, 'name': 'Comedy'}]",,24568,tt0061680,en,Follow That Camel,"Bertram Oliphant West (also known as Bo West) wants to clear his unjustly smeared reputation. He joins the Foreign Legion, with Simpson his manservant in tow. But the fort they get posted to is full of eccentric legionnaires, and there is trouble brewing with the locals too. Unbeknown to Bo, his lady love has followed him in disguise...",1.114848,/8nifhAeOQoTJReWuJTTnsUn2pBa.jpg,"[{'name': 'The Rank Organisation', 'id': 364}, {'name': 'Adder', 'id': 1847}]","[{'iso_3166_1': 'GB', 'name': 'United Kingdom'}]",1967-09-01,0,95.0,"[{'iso_639_1': 'en', 'name': 'English'}]",Released,,Carry On Follow That Camel,False,6.1,19
False,,0,"[{'id': 27, 'name': 'Horror'}, {'id': 28, 'name': 'Action'}, {'id': 878, 'name': 'Science Fiction'}, {'id': 35, 'name': 'Comedy'}]",,43085,tt0770739,en,Dead and Deader,"Lt. Bobby Quinn is a Special Forces commando killed during a recon mission in the Cambodian jungle. But when Quinn interrupts his own stateside autopsy, he discovers that the rest of his dead squad has been resurrected with a ravenous apetite for human flesh. Now with the help of a wisecracking cook and a sexy film geek, the part-zombie Quinn must stop the plague before it can infect the entire nation. Who holds the shocking secret behind this blood-crazed carnage? And what happens when Quinn stops gnawing on raw steak and starts chomping on the hot chick?",5.015147,/ofvuIqiOmeCbPAV8qUfSPDX5iy7.jpg,"[{'name': 'Mindfire Entertainment', 'id': 8068}]","[{'iso_3166_1': 'US', 'name': 'United States of America'}]",2006-12-16,0,89.0,"[{'iso_639_1': 'en', 'name': 'English'}]",Released,,Dead and Deader,False,5.8,10
False,,0,"[{'id': 27, 'name': 'Horror'}, {'id': 9648, 'name': 'Mystery'}]",,100671,tt0065217,en,The Witchmaker,A psychic researcher and his assistants investigate a series of murders of beautiful young women.,0.175253,/wIZpvR0GmCCyF2WmIeRxkHnICNz.jpg,"[{'name': 'LQ/JAF', 'id': 1814}, {'name': 'Las Cruces-Arrow', 'id': 9348}]","[{'iso_3166_1': 'US', 'name': 'United States of America'}]",1969-05-01,0,99.0,"[{'iso_639_1': 'en', 'name': 'English'}]",Released,They Came To Investigate Witchcraft ... and found TERROR!,The Witchmaker,False,5.0,3
False,"{'id': 37261, 'name': 'The Carry On Collection', 'poster_path': '/2P0HNrYgKDvirV8RCdT1rBSJdbJ.jpg', 'backdrop_path': '/38tF1LJN7ULeZAuAfP7beaPMfcl.jpg'}",0,"[{'id': 35, 'name': 'Comedy'}]",,19307,tt0064133,en,Carry On Camping,"Sid and Bernie keep having their amorous intentions snubbed by their girlfriends Joan and Anthea, so when they decide to take them on a holiday to Paradise Camp, they think they're off to a nudist colony - but they couldn't be more wrong, and meet up with the weirdest bunch of campers you can imagine! Coach-loads of sex-starved schoolgirls and a party of hippies all add to the laughs.",4.103723,/dyas4yIxnhGarAhkuD7gsRCR7eQ.jpg,"[{'name': 'The Rank Organisation', 'id': 364}]","[{'iso_3166_1': 'GB', 'name': 'United Kingdom'}]",1969-05-29,0,88.0,"[{'iso_639_1': 'en', 'name': 'English'}]",Released,Fun and games in the great outdoors!,Carry On Camping,False,6.5,25
False,,0,[],,270762,tt2960048,en,What a Fuck Am I Doing on This Battlefield,"A portrait of the dark and tortured world of artist Matt Elliott, who opens up in rehearsals, interviews or writings. With disturbing clarity of expression, Elliott discusses his depression and the magic of inspiration, or reveals his heartfelt political opinions.",0.020752,/5WEf6yptosyD1Ji3NJqs1CqFa6R.jpg,[],[],2013-04-22,0,53.0,[],Released,,What a Fuck Am I Doing on This Battlefield,False,0.0,0
False,,0,"[{'id': 35, 'name': 'Comedy'}]",,48959,tt0120422,en,Up 'n' Under,The Cobblers Arms have been the best and most feared Amateur Rugby League team for the past ten years. Ex-pro Arthur bets their boss that he could train a bunch of deadbeats to defeat them in a local rugby sevens tournament. But to do so he must first get them into shape with the help of the very attractive Hazel Scott.,0.219999,/yz6sji3sPhT0xkPAM9dyHxu3Efa.jpg,[],[],1998-01-23,0,0.0,[],Released,,Up 'n' Under,False,5.6,6
False,,0,[],,214753,tt0106234,en,The Airzone Solution,"The Airzone Solution takes place in a future Britain where pollution has reached a point where the populace must often wear filtration masks when they venture outside. AirZone, a powerful corporation, signs a lucrative deal with the government to deal with the problem. The public is told that AirZone plans to build giant filtration plants to clean the atmosphere, but environmentalists are skeptical, especially when people begin dying and disappearing around AirZone facilities.",0.000108,/64DhIZK7mVZolxFG28ura8s0i9f.jpg,[],[],1993-01-01,0,65.0,"[{'iso_639_1': 'en', 'name': 'English'}]",Released,,The Airzone Solution,False,0.0,0
False,,0,[],,173874,tt0113769,en,The Many Faces of Christopher Lee,"Christopher Lee talks about his film career, while showing clips from some of his best films.",0.051939,/uYXdTmDTRY2hjMmPASl1vVHNqX0.jpg,"[{'name': 'Luminous Film & Video Works', 'id': 13432}]","[{'iso_3166_1': 'GB', 'name': 'United Kingdom'}]",1996-01-01,0,60.0,"[{'iso_639_1': 'en', 'name': 'English'}]",Released,,The Many Faces of Christopher Lee,False,10.0,1
False,,5,"[{'id': 14, 'name': 'Fantasy'}, {'id': 28, 'name': 'Action'}, {'id': 35, 'name': 'Comedy'}, {'id': 878, 'name': 'Science Fiction'}]",,71016,tt0086189,en,The Return of Captain Invincible,"In WWII, Captain Invincible used his superpowers against the Nazis, and he was a hero. But when they accused him of supporting the communists, he retired to Australia. Now, after a US super secret super weapon is stolen, he's asked to come back, to help. Unfortunately, he's an alcoholic now... -- parody of superhero comic strips",0.836124,/wsFPnwgmPt4NCbT68nZiYoGEtia.jpg,"[{'name': 'Seven Keys', 'id': 37445}]","[{'iso_3166_1': 'AU', 'name': 'Australia'}]",1983-01-01,0,96.0,"[{'iso_639_1': 'en', 'name': 'English'}]",Released,What the world needs now is a shining hero!,The Return of Captain Invincible,False,6.0,7
False,,0,"[{'id': 10749, 'name': 'Romance'}, {'id': 18, 'name': 'Drama'}]",,151506,tt0114419,en,She Fought Alone,"All, including school administration and a friend, turn their backs on a girl who accused a classmate of rape.",0.622808,/F0sjL7WWOoBA7ea9If62OlRqL2.jpg,"[{'name': 'NBC Productions', 'id': 5253}, {'name': 'Bonnie Raskin Productions', 'id': 40462}, {'name': 'Granite House Inc.', 'id': 55123}]","[{'iso_3166_1': 'US', 'name': 'United States of America'}]",1995-11-06,0,87.0,"[{'iso_639_1': 'en', 'name': 'English'}]",Released,She cried rape. But no one would listen.,She Fought Alone,False,4.1,7
False,,0,"[{'id': 35, 'name': 'Comedy'}]",,43995,tt0061085,en,That Riviera Touch,Eric and Ernie decide to take a holiday to the South of France and unwittingly become mixed up with a band of jewel thieves.,0.238579,/kAkDBgZWQYy89a79A9ZUVdR2Wp5.jpg,[],"[{'iso_3166_1': 'GB', 'name': 'United Kingdom'}]",1966-03-29,0,98.0,"[{'iso_639_1': 'en', 'name': 'English'}]",Released,,That Riviera Touch,False,6.4,6
False,,500000,"[{'id': 27, 'name': 'Horror'}]",,40467,tt0082237,en,Dawn of the Mummy,"A group of fashion models disturb the tomb of a mummy and revive an ancient curse. Along with the mummy rising, slaves who were buried in the desert thousands of years before, also rise, with a craving for human flesh.",0.283443,/j20Xf7uCZzHMP90yIaVK0eZiGIZ.jpg,"[{'name': 'Harmony Gold', 'id': 7901}]","[{'iso_3166_1': 'EG', 'name': 'Egypt'}, {'iso_3166_1': 'IT', 'name': 'Italy'}, {'iso_3166_1': 'US', 'name': 'United States of America'}]",1981-12-11,0,93.0,"[{'iso_639_1': 'en', 'name': 'English'}]",Released,"A monstrous, chilling terror stalking the living…",Dawn of the Mummy,False,3.6,8
False,,0,"[{'id': 878, 'name': 'Science Fiction'}]",,449696,tt0105492,en,The Stranger: Summoned by Shadows,Wearied by his travels through time and space The Stranger has rejected his long-time companion and is in self-imposed exile on a barren planet. Can he ignore the pleas for help from the locals who are tormented by The Conjuror?,3.5e-05,/aWnsJwOZB1ARhavpnh0O5ae8qWn.jpg,"[{'name': 'BBV Productions', 'id': 88355}]","[{'iso_3166_1': 'GB', 'name': 'United Kingdom'}]",1991-01-01,0,34.0,"[{'iso_639_1': 'en', 'name': 'English'}]",Released,,The Stranger: Summoned by Shadows,False,0.0,0
False,,0,"[{'id': 35, 'name': 'Comedy'}]",,79927,tt0102691,en,The Pope Must Die,"A less-than-qualified and far-from-perfect priest is mistakenly named the new pope. As the pontiff, he must deal with Vatican corruption, the Mob and the reappearance of his old lover.",9.015632,/yrYFhj8eVy2wjasv4ytqWX5FABM.jpg,"[{'name': 'Channel Four Films', 'id': 181}, {'name': 'British Screen Productions', 'id': 12745}]","[{'iso_3166_1': 'GB', 'name': 'United Kingdom'}]",1991-06-21,0,96.0,"[{'iso_639_1': 'en', 'name': 'English'}]",Released,Our Father who art in trouble...,The Pope Must Die,False,4.2,12
False,"{'id': 37261, 'name': 'The Carry On Collection', 'poster_path': '/2P0HNrYgKDvirV8RCdT1rBSJdbJ.jpg', 'backdrop_path': '/38tF1LJN7ULeZAuAfP7beaPMfcl.jpg'}",0,"[{'id': 35, 'name': 'Comedy'}]",,21251,tt0074286,en,Carry On England,"Captain S. Melly takes over as the new Commanding Officer at an experimental mixed sex air defence base. It's 1940 and England is under heavy bombardment, but the crew seem more interested in each other than the enemy planes above. Captain Melly plans to put a stop to all this, and becomes the target of a campaign to abandon his separatist ideals...",0.846154,/xd9qImTfWqQ1WzVtvo4CnLmH5IQ.jpg,"[{'name': 'The Rank Organisation', 'id': 364}]","[{'iso_3166_1': 'GB', 'name': 'United Kingdom'}]",1976-10-01,0,89.0,"[{'iso_639_1': 'en', 'name': 'English'}]",Released,,Carry On England,False,4.8,15
False,,0,"[{'id': 18, 'name': 'Drama'}]",,374764,tt3529010,es,Cómo funcionan casi todas las cosas,"Celina works at a remote tollbooth on a desert road, few days before Christmas, her father dies and Celina becomes a door-to-door encyclopedia saleswoman so she can earn enough money to travel to Italy and find her mom.",0.274793,/cMsD2BSDgXuHceypiKc0jW5r7Iz.jpg,"[{'name': 'Tarea Fina', 'id': 64499}]","[{'iso_3166_1': 'AR', 'name': 'Argentina'}]",2015-11-12,0,0.0,"[{'iso_639_1': 'es', 'name': 'Español'}]",Released,,How Most Things Work,False,6.8,2
False,"{'id': 477208, 'name': 'DC Super Hero Girls Collection', 'poster_path': None, 'backdrop_path': None}",0,"[{'id': 16, 'name': 'Animation'}]",,460135,tt7158814,en,LEGO DC Super Hero Girls: Brain Drain,"When Supergirl, Wonder Woman, Batgirl, Bumblebee and Katana suddenly realize they cannot remember a single moment from their Monday at Super Hero High, the young DC Super Heroes spring into sleuthing action! Suspecting foul-play, they band together to retrace their steps and uncover the mystery of who exactly stole their memories – and what nefarious plan might be afoot?",8.413734,/niLX2txdI5GlVowJlnb5Hr26QpK.jpg,"[{'name': 'Warner Bros. Animation', 'id': 2785}]","[{'iso_3166_1': 'US', 'name': 'United States of America'}]",2017-08-30,0,0.0,"[{'iso_639_1': 'en', 'name': 'English'}, {'iso_639_1': 'pl', 'name': 'Polski'}, {'iso_639_1': 'pt', 'name': 'Português'}]",Released,,LEGO DC Super Hero Girls: Brain Drain,False,10.0,2
False,,0,"[{'id': 12, 'name': 'Adventure'}, {'id': 18, 'name': 'Drama'}, {'id': 28, 'name': 'Action'}, {'id': 53, 'name': 'Thriller'}, {'id': 10769, 'name': 'Foreign'}]",,42247,tt0478737,en,Treasure Raiders,"Michael, an American professor teaching history at Moscow University, finances his passion for treasure hunting with competitive street racing. His racing nemesis Wolf becomes his ally as they both embark on a quest to search for a famous ancient Russian treasure.",0.23908,/7XF7VSqT6hqsAh7W72TqePZJrWn.jpg,[],[],2007-04-20,0,95.0,"[{'iso_639_1': 'en', 'name': 'English'}, {'iso_639_1': 'ru', 'name': 'Pусский'}]",Released,Speed is part of the game...,Treasure Raiders,False,2.2,3
False,,0,"[{'id': 35, 'name': 'Comedy'}, {'id': 80, 'name': 'Crime'}]",,426272,tt6598626,en,Take Me,Ray is a fledgling entrepreneur who specializes in high-end simulated abductions. He jumps at the chance when a mysterious client contracts him for a weekend kidnapping with a handsome payday at the end. But the job isn't all that it seems.,9.222308,/70kL9vXjbCAYd3wNXYScCBGlkJC.jpg,"[{'name': 'Duplass Brothers Productions', 'id': 1974}]","[{'iso_3166_1': 'US', 'name': 'United States of America'}]",2017-05-05,0,83.0,"[{'iso_639_1': 'en', 'name': 'English'}]",Released,A good hostage is hard to find.,Take Me,False,6.0,38
False,,0,[],,408624,tt5918074,en,A Death in the Gunj,A sensitive university student unraveling while on a week-long vacation with a crowd of cocksure relatives and family friends.,0.516993,/ksqGltfJzYJL3lV4YvoIkVgcU55.jpg,"[{'name': 'Studioz IDrream', 'id': 85800}, {'name': 'MacGuffin Pictures', 'id': 85801}]","[{'iso_3166_1': 'IN', 'name': 'India'}]",2016-09-10,0,110.0,"[{'iso_639_1': 'bn', 'name': 'বাংলা'}, {'iso_639_1': 'en', 'name': 'English'}]",Released,,A Death in the Gunj,False,7.0,5
False,,0,"[{'id': 14, 'name': 'Fantasy'}, {'id': 35, 'name': 'Comedy'}, {'id': 10749, 'name': 'Romance'}, {'id': 18, 'name': 'Drama'}]",,413421,tt5502766,hi,फिल्लौरी,A man is forced to marry a tree to ward off ill-luck that surrounds his love-life which turns into a nightmare when the tree is embodied by a spirit with an unfinished business.,0.600717,/zBsPbHNKMDu1hWowWoIVlnbSLJC.jpg,"[{'name': 'Fox Star Studios', 'id': 12154}, {'name': 'Clean Slate Films', 'id': 80879}]","[{'iso_3166_1': 'IN', 'name': 'India'}]",2017-03-24,0,138.0,"[{'iso_639_1': 'hi', 'name': 'हिन्दी'}]",Released,Some love stories last beyond a lifetime,Phillauri,False,7.1,11
False,,0,"[{'id': 35, 'name': 'Comedy'}, {'id': 10749, 'name': 'Romance'}]",,261871,tt3338382,ru,Полярный рейс,Sometimes New Year eve can bring a lot of surprises...,0.036523,/bXaoodAqE20vpQFUtypgP6ktHVf.jpg,"[{'name': 'Wise Vision', 'id': 21279}]","[{'iso_3166_1': 'UA', 'name': 'Ukraine'}]",2013-12-12,0,90.0,"[{'iso_639_1': 'ru', 'name': 'Pусский'}]",Released,,Polar Flight,False,0.0,0
False,,0,"[{'id': 12, 'name': 'Adventure'}]",,317389,tt0070695,es,Simbad e il califfo di Bagdad,,0.006352,/izk7KbT6LZO9baEhCkOZYMgj60w.jpg,"[{'name': 'Roas Produzioni', 'id': 21137}, {'name': 'Buton Film', 'id': 43810}]","[{'iso_3166_1': 'IT', 'name': 'Italy'}]",1973-07-22,0,,"[{'iso_639_1': 'it', 'name': 'Italiano'}]",Released,,Simbad e il califfo di Bagdad,False,0.0,0
False,,0,"[{'id': 99, 'name': 'Documentary'}, {'id': 10769, 'name': 'Foreign'}]",,91563,tt0478101,en,Black Sun,"Blurred images illustrate the narration of Hugues de Montalembert, who was blinded during a mugging.",0.110421,/yzGIHtd5OOCmdktazeJESdyFriS.jpg,[],"[{'iso_3166_1': 'GB', 'name': 'United Kingdom'}]",2005-09-12,0,75.0,"[{'iso_639_1': 'en', 'name': 'English'}]",Released,,Black Sun,False,8.3,3
False,,2,[],,227143,tt2401213,uk,Іван Сила,"""Strong Ivan"" is a film telling an outstanding life story of Ivan Firtsak who was born in June, 1899 in a Ukrainian village Bilky, Irshava district in Zakarpattia Oblast. At the age of 18 he became a performer with a Czechoslovak circus and travelled to 64 countries of the world, astonishing everybody with his victories. He was a weightlifting champion of Czechoslovakia, a bodybuilding champion of Europe. He earned the nickname Strong Ivan Croton for his incredible strength. Ivan Firtsak won a great number of single combats with famous wrestlers of the world. From hands of the Queen of England he received a helmet and a belt decorated with cold and diamonds. American press called him the strongest man of the XX century. In 1937 in the prime of his fame he came back to the homeland.",0.067263,/A1HSEPyFjgtjy9WyXIak3v7pdEx.jpg,[],[],2013-10-02,0,80.0,"[{'iso_639_1': 'uk', 'name': 'Український'}]",Released,,Іван Сила,False,7.0,1
False,,0,"[{'id': 10749, 'name': 'Romance'}, {'id': 35, 'name': 'Comedy'}]",https://www.netflix.com/title/80171022,432789,tt5990342,en,The Incredible Jessica James,"Burned by a bad breakup, a struggling New York City playwright makes an unlikely connection with a divorced app designer she meets on a blind date.",5.667067,/r7tDHGsFzHY0YBCaaNctvAxZhpc.jpg,[],[],2017-01-27,0,83.0,"[{'iso_639_1': 'en', 'name': 'English'}]",Released,"Likes are easy, love is hard.",The Incredible Jessica James,False,6.2,37
False,,0,"[{'id': 27, 'name': 'Horror'}, {'id': 53, 'name': 'Thriller'}, {'id': 9648, 'name': 'Mystery'}]",,264269,tt2400314,ru,Vladeniye 18,"Sveta and Maxim, a happy newlyweds, are moving to their hew apartment only to discover that there is something mysterious and wrong about their new building.",0.217441,/aU51pWVHtLVsFOJA88Gp7F5l1CY.jpg,"[{'name': 'Lyuksor', 'id': 21946}]","[{'iso_3166_1': 'RU', 'name': 'Russia'}]",2014-03-13,320395,90.0,"[{'iso_639_1': 'ru', 'name': 'Pусский'}]",Released,,Apartment 18,False,4.4,4
False,"{'id': 200641, 'name': 'Red Lotus Collection', 'poster_path': '/yf9Eod9ANXyHTzDpAxz9ezgvlL4.jpg', 'backdrop_path': '/3fhHbLeO3DqdHvgHg5szs399eBb.jpg'}",0,"[{'id': 28, 'name': 'Action'}, {'id': 10769, 'name': 'Foreign'}]",,182030,tt0059292,zh,火燒紅蓮寺之鴛鴦劍俠,"Kwei Wu happens upon a kidnapping with his wife Kan Lien-chu at the Red Lotus Temple. Kan sends Kwei to go for reinforcements while she stays to fight the kidnappers. Fortunately, the mysterious Scarlet Maid is surreptitiously helping her.",0.674934,/cnpSuGMeWNU8Mfs0CIVL38TqRZ7.jpg,"[{'name': 'Shaw Brothers', 'id': 5798}]",[],1965-12-22,0,88.0,"[{'iso_639_1': 'zh', 'name': '普通话'}]",Released,,The Twin Swords,False,5.6,4
False,,0,"[{'id': 28, 'name': 'Action'}, {'id': 12, 'name': 'Adventure'}, {'id': 10769, 'name': 'Foreign'}]",,32388,tt0063105,zh,金燕子,"Golden Swallow revolves around the further adventures of its title character. This time around, she is forced into violence when a figure from her mysterious past goes on a killing rampage while leaving evidence that holds her responsible. Golden Swallow also makes room for a love triangle involving a mad, but righteous, swordsman named Silver Roc and a gentle warrior named Golden Whip. The three team up to conquer the evil forces of the martial world, but their joint venture only lasts so long, due to the two men's egos. Ultimately, a duel to the death is planned between them, leaving Golden Swallow caught between two men, both of whom she admires.",1.390381,/qbZbgGaAuvnm7eWmXaNBECk3CXm.jpg,"[{'name': 'Shaw Brothers', 'id': 5798}]","[{'iso_3166_1': 'HK', 'name': 'Hong Kong'}]",1968-04-03,0,89.0,"[{'iso_639_1': 'zh', 'name': '普通话'}]",Released,,Golden Swallow,False,6.5,10
False,,0,"[{'id': 35, 'name': 'Comedy'}, {'id': 27, 'name': 'Horror'}, {'id': 18, 'name': 'Drama'}]",,434873,tt5735280,en,It Stains the Sands Red,"In the throes of a zombie apocalypse, A troubled woman from Las Vegas with a dark past, finds herself stranded in the desert with a lone and ravenous zombie on her tail.",8.471866,/rBCjDBa2Dau9WqEslCpdJni394M.jpg,"[{'name': 'Digital Interference Productions', 'id': 52207}, {'name': 'Grasswood Media', 'id': 86331}]","[{'iso_3166_1': 'US', 'name': 'United States of America'}]",2016-10-08,0,92.0,"[{'iso_639_1': 'en', 'name': 'English'}]",Released,"If the heat doesn't kill you, something else will",It Stains the Sands Red,False,5.6,21
False,,0,[],,175461,tt0140434,de,Lichtspiel opus I,"Against a dark background, several bright, curved or rounded shapes pulse towards the center of the screen, one at a time. They are followed by many other shapes, some irregular, some pointed, others rounded. The abstract shapes move into or across the screen in harmony with the musical score.",0.212768,/10Ijl1svZg0GNNzATfvCKBABX6Y.jpg,[],[],1921-04-26,0,12.0,[],Released,,Lichtspiel opus I,False,6.5,10
False,,0,"[{'id': 16, 'name': 'Animation'}]",,175457,tt0403386,en,Opus II,An abstract animation from Walter Ruttmann.,0.177238,/xShOZM3yHD00MOJKBegQ0o8RTvD.jpg,[],"[{'iso_3166_1': 'DE', 'name': 'Germany'}]",1921-12-31,0,4.0,[],Released,,Opus II,False,6.7,5
False,,0,[],,176298,tt0177955,en,Opus III,An abstract animation from Walter Ruttmann.,0.256196,/wB5f6gOiqHR8lJWxjIlBJnLbF0s.jpg,[],[],1924-03-11,0,3.0,[],Released,,Opus III,False,6.9,5
False,,0,"[{'id': 16, 'name': 'Animation'}]",,184402,tt0177956,de,Opus IV,An abstract animation by Walter Ruttmann.,0.433345,/mF7L0KIt3i8L5vpN2uLhyNlcvyM.jpg,[],"[{'iso_3166_1': 'DE', 'name': 'Germany'}]",1925-04-09,0,4.0,"[{'iso_639_1': 'xx', 'name': 'No Language'}]",Released,,Opus IV,False,6.9,4
False,,0,"[{'id': 99, 'name': 'Documentary'}]",,370213,tt5278928,fa,Sonita,"If 18-year-old Sonita had a say, Michael Jackson and Rihanna would be her parents and she'd be a rapper who tells the story of Afghan women and their fate as child brides. She finds out that her family plans to sell her to an unknown husband for $9,000.",0.399658,/gTLYkTZWLo5NkWGdMbSHiCLo3aa.jpg,[],"[{'iso_3166_1': 'DE', 'name': 'Germany'}, {'iso_3166_1': 'CH', 'name': 'Switzerland'}]",2015-11-20,0,91.0,"[{'iso_639_1': 'en', 'name': 'English'}, {'iso_639_1': 'fa', 'name': 'فارسی'}]",Released,,Sonita,False,6.0,1
False,,10000,"[{'id': 27, 'name': 'Horror'}]",,99104,tt0126820,en,Bloodletting,"A young woman, fascinated with mass murderers, tracks down the world's most famous uncaught serial killer and becomes his apprentice; together they go on a killing spree.",0.072171,/kObIQERttnMmGNhYKj0sPRVTdXc.jpg,"[{'name': 'Tempe Video', 'id': 4687}]","[{'iso_3166_1': 'US', 'name': 'United States of America'}]",1997-01-01,0,89.0,"[{'iso_639_1': 'en', 'name': 'English'}]",Released,The only thing that stands between Butch and Serena...will die.,Bloodletting,False,5.0,1
False,,0,"[{'id': 10749, 'name': 'Romance'}]",http://pixltv.com/cant-buy-my-love-premieres-saturday-march-4/,445126,tt5864238,en,Can't Buy My Love,"Lilly, a hard working EMT, is only focused on her job and getting into medical school. So when wealthy slacker Jeff enters her life it throws her off course. At first, Lilly wants nothing to do with Jeff or his sense of entitlement and lack of direction. As she spends more time with him, she starts to realize that you can’t always judge a book by its cover.",0.661347,/fT3i5Yegn1gqoNsfV1utk1vwcvU.jpg,[],[],2017-03-04,0,86.0,"[{'iso_639_1': 'en', 'name': 'English'}]",Released,,Can't Buy My Love,False,7.0,7
False,,0,"[{'id': 10770, 'name': 'TV Movie'}, {'id': 10749, 'name': 'Romance'}]",http://pixltv.com/hopeless-romantic-premieres-saturday-june-4/,401687,tt5775814,en,Hopeless Romantic,"Hopeless romantic Matt (Brandon W. Jones) decides it’s time to pop the big question to his girlfriend, Alexis (Cassi Thomson). Before the big evening he practices his proposal on his best friend, Liz (Christa B. Allen). Matt believes if he follows the rules of all of his favorite romantic comedies he’s guaranteed a “Yes!” To Matt’s dismay, Alexis gently rejects him stating he’s only interested in the idea of being in love and not a real relationship. After this unexpected disaster, Matt binge watches one rom-com after another and comes up with plan to win Alexis back. Though Liz thinks Matt’s plan is absurd she agrees to be his wingman. The operation to rekindle his relationship appears to be working only for Matt to face the reality that he and Alexis may have grown apart and his heart belongs elsewhere.",0.253497,/c4v2ng9xfwt5dEP5T6ngeimozLu.jpg,"[{'name': 'Larry Levinson Productions', 'id': 3282}]","[{'iso_3166_1': 'US', 'name': 'United States of America'}]",2016-06-04,0,86.0,"[{'iso_639_1': 'en', 'name': 'English'}]",Released,,Hopeless Romantic,False,4.3,3
False,,0,"[{'id': 18, 'name': 'Drama'}, {'id': 10749, 'name': 'Romance'}]",,200066,tt0095150,en,Il frullo del passero,"A woman, who has been the mistress of a man who has just died, thinks about leaving the little Italian village where they lived and moving to another place. An old and rich man offers her a place in his house, however, she will have to listen to him telling his past love stories.",0.138621,/36KPcZJbbZKqvfeWjyG5xcHYHKR.jpg,"[{'name': 'Reteitalia', 'id': 1242}]","[{'iso_3166_1': 'IT', 'name': 'Italy'}, {'iso_3166_1': 'FR', 'name': 'France'}]",1988-01-01,0,95.0,"[{'iso_639_1': 'it', 'name': 'Italiano'}]",Released,,The Sparrow's Fluttering,False,0.0,0
False,,0,"[{'id': 18, 'name': 'Drama'}]",,273279,tt1563665,fr,La peau de chagrin,"In 19th-century France, a man (Thomas Coumans) magically has his wishes come true but at a price that shortens his life.",1.235341,/1Hm7BHuc2TZqx1SYeidS8ht6YvU.jpg,"[{'name': 'Fontana Productions', 'id': 2306}, {'name': 'Radio Télévision Belge Francophone (RTBF)', 'id': 7466}, {'name': 'France 2 Cinéma', 'id': 15671}, {'name': 'Murmures Productions', 'id': 24152}]","[{'iso_3166_1': 'BE', 'name': 'Belgium'}, {'iso_3166_1': 'FR', 'name': 'France'}]",2010-09-22,0,98.0,"[{'iso_639_1': 'fr', 'name': 'Français'}]",Released,,The Skin of Sorrow,False,7.0,1
False,,1200000,"[{'id': 18, 'name': 'Drama'}, {'id': 27, 'name': 'Horror'}]",http://ddpromo.ru/,97797,tt0477340,ru,Мертвые дочери,"In present-day Moscow ghosts of three little girls killed by their insane mother randomly pick a person to watch over for a three days. If during this ""probation period"" person's moral standards appear not to be high enough The Daughters then kill him using telekinesis.",0.355732,/n2vhOrSsrqZL5trWUTdku0cPPk0.jpg,"[{'name': 'Praktika Pictures', 'id': 9124}, {'name': 'Central Partnership', 'id': 9342}]","[{'iso_3166_1': 'RU', 'name': 'Russia'}]",2007-02-01,0,123.0,"[{'iso_639_1': 'ru', 'name': 'Pусский'}]",Released,Be Good Or Die,Dead Daughters,False,4.9,5
False,,0,[],,149946,tt1002760,ru,Два в одном,"This celebrated director's ""exquisite cruelty"" appears front and center when the death of a stage actor turns a theatrical drama into a real one. Two in One's two parts, ""Stagehands"" and ""Woman of a Lifetime,"" celebrate the psychological richness that lurks just beneath the surface of banal reality--if murderous stagehands, lascivious fathers and vengeful daughters can be described as banal.",0.038832,/oRGFr0ZMeE3owOAq3dzf89fDyBM.jpg,[],[],2007-11-27,0,124.0,"[{'iso_639_1': 'ru', 'name': 'Pусский'}]",Released,,Two in One,False,1.0,1
False,,0,[],,61385,tt0383020,ru,Настройщик,"The Tuner (Russian: Настройщик, Nastroyshchik) is a 2004 mix film of art house grotesque and a sting comedy. At the heart of Kira Muratova’s film is her characteristic and enduring love of predation—predation for its own sake. The film offers a complex assessment of the human subject, civilization, and the creative act. The stars of the film include famous Russian actors such as Alla Demidova, Renata Litvinova, Nina Ruslanova, and Georgi Deliyev. Directed by Kira Muratova, author of sixteen films over forty-two years, best known in the West for her political rehabilitation during the perestroika period and the un-shelving of her so-called provincial melodramas, Brief Encounters (Korotkie vstrechi, 1967/1987) and Long Farewells (Dolgie provody, 1971/1987).",0.969783,/gXx0hIeG8U4zaMkupYkOtDOCNms.jpg,"[{'name': 'Pygmalion Production', 'id': 25924}]","[{'iso_3166_1': 'RU', 'name': 'Russia'}, {'iso_3166_1': 'UA', 'name': 'Ukraine'}]",2004-09-06,0,154.0,"[{'iso_639_1': 'ru', 'name': 'Pусский'}]",Released,,The Tuner,False,6.9,7
False,,1254040,"[{'id': 10749, 'name': 'Romance'}, {'id': 35, 'name': 'Comedy'}]",http://lmtr.fi/,468707,tt5742932,fi,Lauri Mäntyvaaran tuuheet ripset,,0.347806,/rKOpJuwb7pTqYVShHM2tl25VxyF.jpg,"[{'name': 'Elokuvayhtiö Oy Aamu', 'id': 84883}]","[{'iso_3166_1': 'FI', 'name': 'Finland'}]",2017-07-28,0,90.0,"[{'iso_639_1': 'fi', 'name': 'suomi'}]",Released,,Thick Lashes of Lauri Mäntyvaara,False,8.0,1
False,,750000,"[{'id': 80, 'name': 'Crime'}, {'id': 35, 'name': 'Comedy'}]",,280422,tt3805180,ru,Все и сразу,,0.201582,/hNsmPpl3zLG36jr4EIEd5P8I4pa.jpg,"[{'name': 'Кинокомпания «Lunapark»', 'id': 42096}, {'name': 'Инвада фильм', 'id': 42097}]","[{'iso_3166_1': 'RU', 'name': 'Russia'}]",2014-06-05,3,0.0,"[{'iso_639_1': 'ru', 'name': 'Pусский'}]",Released,,All at Once,False,6.0,4
False,,0,"[{'id': 9648, 'name': 'Mystery'}, {'id': 18, 'name': 'Drama'}]",,38326,tt1227796,ru,Юрьев День,A mother loses her son during a winter visit to a remote town.,0.788614,/axu7Hb3c9aVJbcdt1VVmbfnWrXN.jpg,[],"[{'iso_3166_1': 'RU', 'name': 'Russia'}]",2008-08-12,0,137.0,"[{'iso_639_1': 'ru', 'name': 'Pусский'}]",Released,,Yuri's Day,False,6.5,4
False,,0,"[{'id': 18, 'name': 'Drama'}, {'id': 36, 'name': 'History'}, {'id': 9648, 'name': 'Mystery'}]",,240789,tt1197626,ru,Чудо,"The film is based on real events that took place in Samara in 1956 and known as the ""Standing Zoe."" During the holiday girl, without waiting her betrothed, removes the icon from the wall and Nicholas begins to dance with her, but suddenly freezes in place. This state continues for many months. Residents of the provincial town are frightened by this extraordinary event, which is cluttered with rumors and speculation. To try to understand the situation, there goes metropolitan newspaper journalist ...",0.436028,/AjXZQPdV5PUibMqVPXVFCZ4VK4N.jpg,"[{'name': 'Central Partnership', 'id': 9342}, {'name': 'Amkart Studios', 'id': 15754}, {'name': 'Russian Ministry of Culture', 'id': 15755}]","[{'iso_3166_1': 'RU', 'name': 'Russia'}]",2009-10-09,50656,110.0,"[{'iso_639_1': 'ru', 'name': 'Pусский'}]",Released,,The Miracle,False,6.3,3
False,,2000000,"[{'id': 35, 'name': 'Comedy'}]",,293654,tt3761706,ru,Корпоратив,"Igor, a furniture store manager, tries to figure out what happened during the corporate event which resulted his store to be completely destroyed.",0.52437,/oaCkhsq33ONrjq0PYwPmgtEhzg.jpg,"[{'name': 'Enjoy Movies', 'id': 9340}]","[{'iso_3166_1': 'RU', 'name': 'Russia'}]",2014-09-18,0,89.0,"[{'iso_639_1': 'ru', 'name': 'Pусский'}]",Released,,Corporate Event,False,3.5,4
False,,0,"[{'id': 10749, 'name': 'Romance'}, {'id': 18, 'name': 'Drama'}]",,64197,tt1047845,ru,Puteshestvie s domashnimi zhivotnymi,"Plucked from an orphanage as a literal love slave, the now adult Natalija (a luminous Kseniya Kutepova) serves her ape-like husband by tending his prized cow—whose milk they sell to customers on passing trains. When hubby suddenly drops dead, however, Natalija’s narrow life of cows and rails finally starts opening up. Dumping his body at the local hospital, dropping by church to say a few prayers and trading in the cow for a pet goat, she slowly eliminates all trace of his former hold on her, searching out a new life in the freedom that emerges.",0.528657,/fZlvSGtAVfnXkJCY3Gnev05rUFk.jpg,[],"[{'iso_3166_1': 'RU', 'name': 'Russia'}]",2007-06-25,0,97.0,"[{'iso_639_1': 'ru', 'name': 'Pусский'}]",Released,,Travelling with Pets,False,6.0,5
False,,0,"[{'id': 18, 'name': 'Drama'}, {'id': 28, 'name': 'Action'}]",,102363,tt2117825,ru,Beduin,"Rita's daughter is sick with leukemia. In order to obtain the money for a bone marrow transplant, she travels from Ukraine to Russia to become a surrogate mother. The homosexual couple who are the biological parents of the child die in an automobile accident. Rita is left six month pregnant, without any money, and with a dying daughter to care for. In order to save her daughter, Rita is prepared to do anything. She's drawn into the criminal world, from which she escapes with her daughter to Jordan in the Near East, where Bedouins treat cancer by means of nontraditional medicines.",1.015759,/467Wl06wom9LKdKVlaT6IJ3BQbQ.jpg,[],"[{'iso_3166_1': 'RU', 'name': 'Russia'}]",2011-01-01,0,90.0,"[{'iso_639_1': 'ru', 'name': 'Pусский'}]",Released,,Bedouin,False,4.0,5
False,,0,"[{'id': 18, 'name': 'Drama'}]",,92771,tt0416099,ru,Папа,"Based on A. Galych's play ""Matrosskaya Tishina"", ""Papa"" tells a story of a Jewish father who dreamed of seeing his son perform on a stage in front of huge audiences, he dreamed of seeing him as the greatest violinist of his time. To achieve the goal he taught his son Dodik how to play the violin from the yearly age. When Dodik grew up he left the small town he and his father lived in to study in the Moscow Conservatory leaving his past behind. But one day he has to choose either to loose his father or everything he has achieved.",0.406193,/yCy3xlrGU20LpucpCMxKfv1etDo.jpg,"[{'name': 'NTV-PROFIT', 'id': 21578}]","[{'iso_3166_1': 'RU', 'name': 'Russia'}]",2004-09-09,0,94.0,"[{'iso_639_1': 'ru', 'name': 'Pусский'}]",Released,,Daddy,False,5.3,3
False,,0,"[{'id': 35, 'name': 'Comedy'}, {'id': 10749, 'name': 'Romance'}]",,98604,tt2147597,ru,Zolushka,"Masha Krapivina - is yet beautiful, and not that clever. She is just an ordinary girl, like thousands of her peers from different parts of the country, who risked to try to conquer Moscow and left their native country town.",0.803588,/cBFOyxe5HzIOIjJhipKQuslZsuV.jpg,"[{'name': 'Channel One Russia', 'id': 1039}, {'name': 'Central Partnership', 'id': 9342}]","[{'iso_3166_1': 'RU', 'name': 'Russia'}]",2012-02-14,0,91.0,"[{'iso_639_1': 'ru', 'name': 'Pусский'}]",Released,,Cinderella,False,4.6,6
False,,0,"[{'id': 35, 'name': 'Comedy'}]",,97672,tt2258565,ru,Samoubiytsy,"Comedy about the crazy adventures of three friends - Alexey, Tolik and Marina, who decided to commit suicide.",0.43125,/I6Pot43x3MFczy85xjcrAQIqwz.jpg,[],"[{'iso_3166_1': 'RU', 'name': 'Russia'}]",2012-03-01,0,86.0,"[{'iso_639_1': 'ru', 'name': 'Pусский'}]",Released,,Suicides,False,4.6,4
False,,2000000,"[{'id': 35, 'name': 'Comedy'}]",,100152,tt0417949,ru,Марс,"Somewhere deep, deep in Russia there is a town called Marks (named after Karl Marks, founder of Communism theory) where all people are working on toy factory and receiving their wages as toys. News from other cities are arriving on very rare occasion. One morning, Boris, a former boxing who is running from something, wakes up in train and see four letters MAR_S. From his first steps he starts to meet new people as Gregori, young man with a dream who is in love with local librarian, Greta, whose dream is to get out from this god-forgotten town. With each new step, he is meeting new people, but the past is hard to escape",0.380933,/cTa91m5Gikb8qqJ0blzcJxhZem0.jpg,[],[],2004-11-11,0,100.0,[],Released,,Mars,False,5.0,2
False,,800000,"[{'id': 35, 'name': 'Comedy'}, {'id': 18, 'name': 'Drama'}]",,62757,tt0933361,en,Dikari,"The sea, August, interesting and simple people. They tan, swim, play volleyball, basketball, drink, dance and then find someone to spend the night with. Many grew out of their student phase and can afford a more comfortable holiday but when July comes they grab a tent, jump into their cars and come here. Here, nobody talks about work and the size of your wallet means nothing.",0.903061,/t14Sb80sXJCAa3ERs0UoheXhSD9.jpg,[],[],2006-11-23,1328612,100.0,"[{'iso_639_1': 'ru', 'name': 'Pусский'}]",Released,,Savages,False,5.8,6
False,,0,"[{'id': 18, 'name': 'Drama'}, {'id': 80, 'name': 'Crime'}]",,449131,tt0321264,ru,Aprel,,0.008903,,[],"[{'iso_3166_1': 'RU', 'name': 'Russia'}]",,0,,[],Released,,Aprel,False,6.0,1
False,,0,"[{'id': 10749, 'name': 'Romance'}, {'id': 18, 'name': 'Drama'}, {'id': 28, 'name': 'Action'}]",,61966,tt1186656,en,Kacheli,"The life of a characters of this movie can be described as a swing - up and down, up and down; each day, each week...",0.516834,/uhw7kepObdt6HjBz6BajDYHMkkp.jpg,"[{'name': 'Krasnaya Strela', 'id': 3006}]","[{'iso_3166_1': 'RU', 'name': 'Russia'}]",2008-02-14,0,84.0,"[{'iso_639_1': 'ru', 'name': 'Pусский'}]",Released,,Swing,False,4.0,2
False,,2000000,"[{'id': 10749, 'name': 'Romance'}, {'id': 18, 'name': 'Drama'}]",,63281,tt1718881,en,Про любоff,"У девушки Даши, приехавшей с подругой «покорять» Москву, редкая специальность — преподаватель техники речи, а жизнь — самая обыкновенная: съемная квартира, невысокие гонорары и занятия с утра до вечера. Однажды Даша получает выгодное предложение — дать уроки преуспевающему бизнесмену Владу, участвующему в политических выборах. У героев начинается бурный роман. Но случайная встреча с женой Влада заставляет Дашу взглянуть на происходящее совсем с другой стороны. И Влад оказывается совсем не героем романа и вовсе не мужчиной мечты…",0.121844,/f8umkhHSctmiU4hw7U1IK1JxFT7.jpg,"[{'name': 'Profit', 'id': 21163}]","[{'iso_3166_1': 'RU', 'name': 'Russia'}]",2010-09-30,1268793,107.0,"[{'iso_639_1': 'ru', 'name': 'Pусский'}]",Released,,Pro Lyuboff,False,4.0,3
False,,0,"[{'id': 10749, 'name': 'Romance'}, {'id': 18, 'name': 'Drama'}]",,70965,tt1735198,en,Кука,A woman and a young girl in different cities are struggling to find their way in this world. Will their paths intersect and will that change their destinies?,0.655728,/ofn6ObRZnWIQ5wEPHjEj31PoeCw.jpg,"[{'name': 'Staralis Film Company', 'id': 19791}]","[{'iso_3166_1': 'RU', 'name': 'Russia'}]",2007-11-29,0,104.0,"[{'iso_639_1': 'ru', 'name': 'Pусский'}]",Released,,Kuka,False,6.3,7
False,,0,"[{'id': 99, 'name': 'Documentary'}]",,75608,tt0059091,en,Dead Birds,"The film's title is borrowed from a Dani fable that Gardner recounts in voice-over. The Dani people, whom Gardner identifies mysteriously as ""a mountain people,"" believe that there was once a great race between a bird and a snake, which was to determine the lives of human beings. Should men shed their skins and live forever like snakes, or die like birds? The bird won the race, dictating that man must die. The film's plot revolves around two characters, Weyak and Pua. Weyak is a warrior who guards the frontier between the land of his tribe and that of the neighboring tribe. Pua is a young boy whom Gardner depicts as weak and inept.",0.072811,/2kmV6YUooIwzrfxHqGGuFHtk96u.jpg,"[{'name': 'Peabody Museum', 'id': 79427}]","[{'iso_3166_1': 'US', 'name': 'United States of America'}]",1963-10-01,0,84.0,"[{'iso_639_1': 'en', 'name': 'English'}]",Released,,Dead Birds,False,5.3,2
False,,0,"[{'id': 99, 'name': 'Documentary'}]",,275331,tt0392137,en,The Hunters,"An ethnographic film that documents the efforts of four !Kung men (also known as Ju/'hoansi or Bushmen) to hunt a giraffe in the Kalahari Desert of Namibia. The footage was shot by John Marshall during a Smithsonian-Harvard Peabody sponsored expedition in 1952–53. In addition to the giraffe hunt, the film shows other aspects of !Kung life at that time, including family relationships, socializing and storytelling, and the hard work of gathering plant foods and hunting for small game.",0.141547,/jaNSu7XVCLc94ogmTnqFArTlOTL.jpg,"[{'name': 'Harvard University', 'id': 59193}, {'name': 'Peabody Museum', 'id': 79427}, {'name': 'Film Study Center', 'id': 79428}]","[{'iso_3166_1': 'US', 'name': 'United States of America'}]",1957-01-01,0,72.0,"[{'iso_639_1': 'en', 'name': 'English'}]",Released,,The Hunters,False,5.0,1
False,,0,"[{'id': 35, 'name': 'Comedy'}]",,282308,tt0427767,en,Rigadin peintre cubiste,"After visiting the first Cubist exposition in Paris, Rigadin (Charles Prince) is struck by his discovery: A egg is a rhombus, the earth a cube! Unfortunately, he is engaged to Miss Rondebosse (Gabrielle Lange), whose father is head of the Tradition...",0.003732,/rGi2o6TDQhiYeaYQqPQkwKx8qfJ.jpg,"[{'name': 'Pathé Frères', 'id': 21594}]","[{'iso_3166_1': 'FR', 'name': 'France'}]",1912-01-01,0,0.0,"[{'iso_639_1': 'fr', 'name': 'Français'}]",Released,,"Whiffles, Cubic Artist",False,0.0,0
False,,0,"[{'id': 80, 'name': 'Crime'}, {'id': 35, 'name': 'Comedy'}, {'id': 28, 'name': 'Action'}, {'id': 10751, 'name': 'Family'}]",,461297,tt6212210,en,Cop and a Half: New Recruit,"In this family-friendly action reboot of the 1993 film, Karina Foley, an ambitious and spunky 12-year-old, inserts herself in a police investigation of the Badge Bandit, led by the grizzled, veteran detective Mark Simmons. Much to Simmons' disapproval, Karina partners up with him to stop the Badge Bandit from further wreaking havoc on the city. Through wit, skill, and green smoothies, Karina and Detective Simmons save the day and build a strong relationship in the process.",1.248353,/qRW0hlQaeGAtz6YBgzUbv9o8YVA.jpg,"[{'name': 'Universal Pictures', 'id': 33}]","[{'iso_3166_1': 'US', 'name': 'United States of America'}]",2017-08-01,0,97.0,"[{'iso_639_1': 'en', 'name': 'English'}]",Released,One Kid's Fantasy. One Cop's Nightmare.,Cop and a Half: New Recruit,False,6.0,1
False,,0,"[{'id': 18, 'name': 'Drama'}]",,258907,tt0071450,en,Dyketactics,"Born in Los Angeles but a New Yorker by choice, Barbara Hammer is a whole genre unto herself. Her pioneering 1974 short film Dyketactics, a four-minute, hippie wonder consisting of frolicking naked women in the countryside, broke new ground for its exploration of lesbian identity, desire and aesthetic. (from bfi.org.uk)",0.331254,/zj7cEOSbqGiUpXjyt6t9LfpdzG5.jpg,[],"[{'iso_3166_1': 'US', 'name': 'United States of America'}]",1974-01-01,0,4.0,"[{'iso_639_1': 'en', 'name': 'English'}]",Released,,Dyketactics,False,8.0,1
False,,0,"[{'id': 99, 'name': 'Documentary'}]",,127762,tt0000023,fr,Baignade en Mer,"Several little boys run along a pier, then jump into the ocean.",0.429666,/jt7xCKXBAJSZG1FtwEgD0FM1ExY.jpg,"[{'name': 'Lumière', 'id': 11793}]","[{'iso_3166_1': 'FR', 'name': 'France'}]",1895-12-28,0,1.0,"[{'iso_639_1': 'xx', 'name': 'No Language'}]",Released,,Baignade en Mer,False,5.3,12
False,,0,"[{'id': 18, 'name': 'Drama'}, {'id': 10751, 'name': 'Family'}, {'id': 14, 'name': 'Fantasy'}]",,18098,tt0181199,en,Arabian Nights,"Scheherezade puts herself in danger to save Sultan Schariar, her childhood friend, from the madness that has gripped him since the death of his cheating wife at his own hands.",2.266456,/vpIDK57iDCCv0DB6Ogq1QlrmQUI.jpg,"[{'name': 'Studio Babelsberg', 'id': 264}, {'name': 'International Traders', 'id': 6408}, {'name': 'Hallmark Entertainment', 'id': 31060}, {'name': 'RTL Television', 'id': 52597}, {'name': 'Golden Horn Films', 'id': 52598}]","[{'iso_3166_1': 'US', 'name': 'United States of America'}]",2000-04-30,0,175.0,"[{'iso_639_1': 'en', 'name': 'English'}, {'iso_639_1': 'pl', 'name': 'Polski'}, {'iso_639_1': 'es', 'name': 'Español'}]",Released,"When Night Falls, the Adventure Begins!",Arabian Nights,False,6.9,21
False,,0,"[{'id': 18, 'name': 'Drama'}, {'id': 10769, 'name': 'Foreign'}]",,52103,tt0144020,zh,Xiao Wu,"Little pocket thief Wu never got away from the streets like his friends did. He realises that he is alone, as his old buddy doesn't invite him for his wedding. When he falls in love with a hooker he is forced to think about his future. Can he break with his criminal past?",0.350365,/gcEuRXZrQk2hz4Ohx4MmBBAxhpX.jpg,"[{'name': 'Hu Tong Communications', 'id': 14524}, {'name': 'Radiant Advertising Company', 'id': 94942}]","[{'iso_3166_1': 'CN', 'name': 'China'}, {'iso_3166_1': 'HK', 'name': 'Hong Kong'}]",1997-01-01,0,105.0,"[{'iso_639_1': 'zh', 'name': '普通话'}]",Released,,Pickpocket,False,7.2,13
False,,5000000,"[{'id': 28, 'name': 'Action'}, {'id': 35, 'name': 'Comedy'}, {'id': 80, 'name': 'Crime'}, {'id': 10769, 'name': 'Foreign'}]",,63898,tt1110037,ru,Антидурь,"Failing to complete an important assignment without casualties, fearless crime fighters from an elite special service agency, masters of disguise and simply fun guys ""Velik"" and ""Koshka"" were demoted to serve in a department of a Drug Enforcement Agency...",0.039793,/f5XOYgsF4oCTz0A4gY8qD9g3l5y.jpg,[],"[{'iso_3166_1': 'RU', 'name': 'Russia'}]",2007-09-06,1413000,91.0,"[{'iso_639_1': 'ru', 'name': 'Pусский'}]",Released,,Antidur,False,1.0,1
False,,0,"[{'id': 35, 'name': 'Comedy'}, {'id': 18, 'name': 'Drama'}, {'id': 10749, 'name': 'Romance'}]",,174271,tt0116345,en,The Fortunes and Misfortunes of Moll Flanders,"In her filthy cell in Newgate prison Moll Flanders, dubbed 'the wickedest woman in England' tells her story. Born in the gaol, after her mother is transported Moll is raised by the kindly mayor of Colchester and his wife, whose two sons lust after her. She enjoys sex with handsome Rowland, who teaches her that money talks, but, realizing he only wants her as a mistress, she marries his duller brother Robin, who conveniently dies after five years, leaving her wealthy. She goes to London, briefly meeting highwayman Jemmy Seagrove, and marries parvenu draper Daniel Dawkins, but he has huge debts and must flee to France, leaving Moll alone and poor. Moll meets handsome young American sea captain Lemuel Golightly, who marries her and takes her to Virginia and a good life style, along with his mother. They have two children and are blissfully happy until Moll discovers her mother-in-law is also her birth mother. She has married her own brother. She returns to England and poses as wealthy ...",1.237982,/3axe2JK3OM9zwYmKisUYY7JmuPD.jpg,"[{'name': 'Granada Television', 'id': 14063}]",[],1996-10-13,0,108.0,"[{'iso_639_1': 'en', 'name': 'English'}, {'iso_639_1': 'de', 'name': 'Deutsch'}]",Released,Notorius Scandalous Unforgettable,The Fortunes and Misfortunes of Moll Flanders,False,5.8,8
False,,0,"[{'id': 12, 'name': 'Adventure'}]",,42652,tt0096356,ru,Uznik Zamka If,"A Russian version of the classic Alexandre Dumas novel. Edmond Dantes is falsely accused by those jealous of his good fortune, and is sentenced to spend the rest of his life in the notorious island prison, Chateau d'If. While imprisoned, he meets the Abbe Faria, a fellow prisoner whom everyone believes to be mad. The Abbe tells Edmond of a fantastic treasure hidden away on a tiny island, that only he knows the location of. After many years in prison, the old Abbe dies, and Edmond escapes disguised as the dead body. Now free, Edmond must find the treasure the Abbe told him of, so he can use the new-found wealth to exact revenge on those who have wronged him",0.243401,/ejzm0MTyaCD0FEXntONlzBufF7s.jpg,"[{'name': 'Odessa Film Studios', 'id': 13852}]","[{'iso_3166_1': 'UA', 'name': 'Ukraine'}, {'iso_3166_1': 'RU', 'name': 'Russia'}]",1988-01-01,0,270.0,"[{'iso_639_1': 'ru', 'name': 'Pусский'}]",Released,,The Prisoner of If Castle,False,5.0,3
False,,0,"[{'id': 14, 'name': 'Fantasy'}, {'id': 35, 'name': 'Comedy'}, {'id': 10749, 'name': 'Romance'}, {'id': 18, 'name': 'Drama'}]",,143117,tt0097062,ru,"Chyornaya Roza - Emblema Pechali, Krasnaya Roza - Emblema Lyubvi","The story happens mainly around ""The Old Arbat Street"" in the center of Moscow, where always concentrate vendors, poor young artists and musicians. The hero of this film is a boy named Mitiya,who lives with eccentric elder friend in an apartment house on ""The Old Arbat"". In fact, people who then appear around Mitiya are all unique, eccentric and the space of the apartment house begins to have an unrealistic character as a miniature of unstable society in the end of Soviet Union.",0.630944,/sQWV6lKyOGHt8LarGaMQokW827j.jpg,"[{'name': 'Mosfilm', 'id': 5120}]","[{'iso_3166_1': 'RU', 'name': 'Russia'}]",1989-02-03,0,139.0,"[{'iso_639_1': 'ru', 'name': 'Pусский'}]",Released,,"A Black Rose Is an Emblem of Sorrow, a Red Rose an Emblem of Love",False,6.5,4
False,,0,"[{'id': 35, 'name': 'Comedy'}, {'id': 27, 'name': 'Horror'}]",,65416,tt0251582,en,An American Vampire Story,"A group of friends go on a vacation with some new friends that turn out to be vampires, they hire a famous vampire killer to help them.",0.297741,/oYzRKvYoDussDngW80vzKaAm3B.jpg,[],"[{'iso_3166_1': 'US', 'name': 'United States of America'}]",1997-01-24,0,99.0,"[{'iso_639_1': 'en', 'name': 'English'}]",Released,You're not going anywhere,An American Vampire Story,False,4.5,4
False,,0,"[{'id': 9648, 'name': 'Mystery'}, {'id': 18, 'name': 'Drama'}, {'id': 53, 'name': 'Thriller'}, {'id': 27, 'name': 'Horror'}]",,365432,tt4285960,en,The Sublet,"The Sublet is a suspense driven psychological thriller about Joanna, a new mom coping with her baby alone in an odd sublet apartment. As her husband neglects her to focus on his career, Joanna questions her sanity as she discovers a violent past to the apartment and suspects that the building may be haunted.",1.339355,/dESzaecE7laxZcxuusJNOUFfUBQ.jpg,"[{'name': 'Black Fawn Films', 'id': 9315}, {'name': 'Breakthrough Entertainment', 'id': 81225}]","[{'iso_3166_1': 'CA', 'name': 'Canada'}]",2015-11-07,0,82.0,"[{'iso_639_1': 'fr', 'name': 'Français'}, {'iso_639_1': 'en', 'name': 'English'}]",Released,,The Sublet,False,6.5,4
False,,0,"[{'id': 28, 'name': 'Action'}, {'id': 10749, 'name': 'Romance'}, {'id': 53, 'name': 'Thriller'}]",,45029,tt0106922,en,Fit to Kill,"Buxom do-gooders Donna and Nicole set out to reclaim the stolen Alexa diamond from its hiding place in Russia … only to run into their nemesis, Martin Kane.",1.092445,/qzXF4AZXP5JxdhEtF7cvpw9FE63.jpg,"[{'name': 'Malibu Bay Films', 'id': 5957}]","[{'iso_3166_1': 'US', 'name': 'United States of America'}]",1993-10-27,0,97.0,"[{'iso_639_1': 'en', 'name': 'English'}]",Released,They're sexy. They're fearless. They're... Fit To Kill.,Fit to Kill,False,5.0,7
False,,0,"[{'id': 99, 'name': 'Documentary'}, {'id': 878, 'name': 'Science Fiction'}]",,36680,tt0899298,en,TechnoCalyps,"Are we prepared for dealing with the prospect that humanity is not the end of evolution? Technocalyps is an intriguing three-part documentary on the notion of transhumanism by Belgian visual artist and filmmaker Frank Theys. The latest findings in genetics, robotics, artificial intelligence, bionics and nanotechnology appear in the media every day, but with no analysis of their common aim: that of exceeding human limitations. The director conducts his enquiry into the scientific, ethical and metaphysical dimensions of technological development.",0.315713,/j8HXzQlfYnfd5dY8ffSCQqNakOx.jpg,[],"[{'iso_3166_1': 'BE', 'name': 'Belgium'}]",2006-05-01,0,156.0,"[{'iso_639_1': 'en', 'name': 'English'}]",Released,Are we prepared for dealing with the prospect that humanity is not the end of evolution?,TechnoCalyps,False,5.0,1
False,,0,"[{'id': 53, 'name': 'Thriller'}, {'id': 878, 'name': 'Science Fiction'}]",,222872,tt0120200,en,Starquest II,Sci-fi thriller directed by Fred Gallo.,1.188052,/kYRubwfzgCk9IM3MyJtslCGO1TH.jpg,"[{'name': 'The Pacific Trust', 'id': 30376}]","[{'iso_3166_1': 'US', 'name': 'United States of America'}]",1996-01-01,0,0.0,[],Released,,Starquest II,False,2.0,1
False,,0,"[{'id': 99, 'name': 'Documentary'}]",,257472,tt0072088,en,Rivers of Sand,"The people portrayed in this film are called Hamar. They dwell in the thorny scrubland of southwestern Ethiopia, about one hundred miles north of Lake Rudolph, Africa's great inland sea. They are isolated by some distant choice that now limits their movement and defines their condition. At least until recently, it has resulted in their retaining a highly traditional way of life.  Hamar women eagerly accept their ritual whipping when boys come of age.  Part of that tradition was the open, even flamboyant, observance of male supremacy. In their isolation, they seemed to have refined this not uncommon principle of social organization into a remarkably pure state. Hamar men are masters and their women are slaves. The film tries to disclose the effect on mood and behavior of lives governed by the idea of sexual inequality.",0.0375,,[],[],1974-10-30,0,83.0,"[{'iso_639_1': 'en', 'name': 'English'}]",Released,,Rivers of Sand,False,0.0,0
False,,0,"[{'id': 99, 'name': 'Documentary'}]",,323132,tt0074124,en,Altar of Fire,"This film records a 12 day ritual performed by Mambudiri Brahmins in Kerala, southwest India, in April 1975. This event was possibly the last performance of the Agnicayana, a Vedic ritual of sacrifice dating back 3,000 years and probably the oldest surviving human ritual. Long considered extinct and never witnessed by outsiders, the ceremonies require the participation of seventeen priests, involve libations of Soma juice and oblations of other substances, all preceded by several months of preparation and rehearsals. They include the construction, from a thousand bricks, of a fire altar in the shape of a bird.",0.0,/zE7szDWCCIN6h5XoNJBUuzCyg0o.jpg,[],[],1976-01-01,0,45.0,"[{'iso_639_1': 'en', 'name': 'English'}]",Released,,Altar of Fire,False,0.0,0
False,,0,"[{'id': 10402, 'name': 'Music'}, {'id': 35, 'name': 'Comedy'}, {'id': 10751, 'name': 'Family'}]",,5589,tt0232750,cs,Šíleně smutná princezna,No overview found.,0.375001,/9h5eegOHh1zoaHJCwu9meyVdQJk.jpg,"[{'name': 'Filmové Studio Barrandov', 'id': 1931}]","[{'iso_3166_1': 'CZ', 'name': 'Czech Republic'}]",1968-06-07,0,73.0,"[{'iso_639_1': 'cs', 'name': 'Český'}]",Released,,Šíleně smutná princezna,False,6.1,4
False,,0,[],,325439,tt0055178,en,Le Meraviglie di Aladino,Young Aladdin (Donald O'Connor) has a series of wild adventures after he discovers a magic lamp containing a genie (Vittorio De Sica).,0.093498,/UmS7SMaCb1n7uZzkzQSGeGD5Vk.jpg,[],[],1961-10-31,0,93.0,"[{'iso_639_1': 'en', 'name': 'English'}]",Released,,The Wonders of Aladdin,False,0.0,0
False,,0,"[{'id': 53, 'name': 'Thriller'}, {'id': 27, 'name': 'Horror'}]",,63266,tt1489253,en,Fobos. Klub Strakha,"Rainy summer evening... Young people are arriving at the new trendy club named Phobos which is still under construction. Or re-construction - since it's a former bomb shelter which is reconstructed to become a club. At first, the party sees nothing wrong, but soon the bunker doors turn out to be locked, and the teenagers get trapped underground without light and communication. At first, all of them are joking and do not realize how dangerous their situation is. Then they get frightened. All of them will need to cope with their fears before the bunker will let them free.",0.643625,/2SZBMhKfCSse0FVgOdZMJ5TuG8P.jpg,"[{'name': 'Art Pictures Studio', 'id': 3451}, {'name': 'Art Pictures Group', 'id': 16688}, {'name': 'Taska Productions', 'id': 16689}]","[{'iso_3166_1': 'RU', 'name': 'Russia'}]",2010-03-25,0,79.0,"[{'iso_639_1': 'ru', 'name': 'Pусский'}]",Released,,Phobos. Fear Kills,False,3.0,2
False,,0,"[{'id': 28, 'name': 'Action'}, {'id': 9648, 'name': 'Mystery'}, {'id': 53, 'name': 'Thriller'}, {'id': 27, 'name': 'Horror'}]",,45527,tt1331329,en,The Final Storm,"A stranger named Silas flees from a devastating storm and finds refuge with Tom and Gillian on their farm. While struggling with the Storm, Silas seems to be the only one who can help Tom and Gillian to find their son but there are other more dangerous forces out there, that are waiting for the three.",1.270832,/sEP5bLtK5IyQxOFtq5AYz4kUpzD.jpg,"[{'name': 'Boll Kino Beteiligungs GmbH & Co. KG', 'id': 1062}, {'name': 'Brightlight Pictures', 'id': 1063}, {'name': 'Flood Productions', 'id': 95579}, {'name': 'Bossa Nova Productions', 'id': 95580}]","[{'iso_3166_1': 'CA', 'name': 'Canada'}, {'iso_3166_1': 'DE', 'name': 'Germany'}]",2010-01-01,0,92.0,"[{'iso_639_1': 'en', 'name': 'English'}]",Released,"Action, Horror",The Final Storm,False,3.7,11
False,,0,"[{'id': 10751, 'name': 'Family'}, {'id': 16, 'name': 'Animation'}, {'id': 10749, 'name': 'Romance'}, {'id': 35, 'name': 'Comedy'}]",,455661,tt6969946,en,In a Heartbeat,A closeted boy runs the risk of being outed by his own heart after it pops out of his chest to chase down the boy of his dreams.,20.82178,/wJUJROdLOtOzMixkjkx1aaZGSLl.jpg,"[{'name': 'Ringling College of Art and Design', 'id': 18359}]","[{'iso_3166_1': 'US', 'name': 'United States of America'}]",2017-06-01,0,4.0,"[{'iso_639_1': 'en', 'name': 'English'}]",Released,The Heart Wants What The Heart Wants,In a Heartbeat,False,8.3,146
False,,0,"[{'id': 18, 'name': 'Drama'}]",,327237,tt3814486,nl,"Bloed, Zweet en Tranen","Bloed, Zweet en Tranen (Blood, Sweat and Tears) is a story about the life of Andre Hazes, a Dutch populair singer. This movie shows three crucial phases in the life of Hazes: his youth (60's), his breakthrough (80's) and the last year of his life (early '00).",0.590087,/aNrh6DfTngUvi7WdpTjLTPzYbTU.jpg,[],[],2015-04-02,0,111.0,"[{'iso_639_1': 'nl', 'name': 'Nederlands'}]",Released,The movie about Andre Hazes,"Blood, Sweat and Tears",False,6.8,11
False,,0,"[{'id': 18, 'name': 'Drama'}, {'id': 14, 'name': 'Fantasy'}, {'id': 27, 'name': 'Horror'}]",,84710,tt0036975,en,Jungle Woman,"Paula the ape woman (Acquanetta) is alive and well, and running around a creepy old sanitarium run by the kindly Dr. Fletcher (J. Carrol Naish), also reverting to her true gorilla form every once in a while to kill somebody.",0.143223,/udZ3hvhC52su7UQrGsIyDxK7IQA.jpg,"[{'name': 'Universal Pictures', 'id': 33}]","[{'iso_3166_1': 'US', 'name': 'United States of America'}]",1944-06-01,0,61.0,"[{'iso_639_1': 'en', 'name': 'English'}]",Released,RAPTUROUS BEAUTY!...FURY OF A BEAST!,Jungle Woman,False,5.8,2
False,,0,"[{'id': 18, 'name': 'Drama'}, {'id': 10751, 'name': 'Family'}, {'id': 10770, 'name': 'TV Movie'}]",,39562,tt0889600,en,To Be Fat Like Me,"Pretty, popular, and slim high-schooler Aly Schimdt had plans of earning a sports scholarship to college but a knee injury ruins her chances. She decides to enter a documentary contest in the hopes of winning money for college. She believes that overweight people, like her mom and brother, seem to make excuses about how the world perceives them. So Aly decides to attend a rival high school as a heavily overweight person for the documentary, but not change her personality. Aly intends and hopes to prove that personality will outshine physical appearance. But when she's met with ridicule, harassment, and name-calling she begins to see things differently.",0.767762,/w1TxeDOMS5so83bECaQECW1pV9.jpg,[],"[{'iso_3166_1': 'CA', 'name': 'Canada'}]",2007-01-08,0,89.0,"[{'iso_639_1': 'en', 'name': 'English'}]",Released,,To Be Fat Like Me,False,5.0,12
False,,0,"[{'id': 35, 'name': 'Comedy'}]",,14008,tt0294425,en,Cadet Kelly,Hyperactive teenager Kelly is enrolled into a military school when her new stepfather becomes the Commandant. At first she has problems fitting in and taking orders until she tries out for the drill team.,4.392389,/9sQVYo7B9cSexWXoQVzFFijCbD2.jpg,"[{'name': 'Walt Disney Television', 'id': 670}, {'name': 'Disney Channel', 'id': 3213}, {'name': 'Leider/Shapiro Productions', 'id': 87552}]","[{'iso_3166_1': 'CA', 'name': 'Canada'}, {'iso_3166_1': 'US', 'name': 'United States of America'}]",2002-03-07,0,101.0,"[{'iso_639_1': 'en', 'name': 'English'}]",Released,Too Cool For The Rules!,Cadet Kelly,False,5.2,145
False,,0,[],,44330,tt0135690,en,Le tripot clandestin,"A combination gambling den and bawdy house is set up so that croupiers, patrons, prostitutes, and the owner can quickly change it all into a mercantile establishment when the cops stage a raid.",0.21926,/6MwBolpHcddjB3JQyNo2AfB8e3L.jpg,[],"[{'iso_3166_1': 'FR', 'name': 'France'}]",1905-01-01,0,3.0,[],,,The Scheming Gambler's Paradise,False,5.0,3
False,,0,"[{'id': 35, 'name': 'Comedy'}, {'id': 14, 'name': 'Fantasy'}, {'id': 878, 'name': 'Science Fiction'}]",,49279,tt0000359,fr,L'Homme à la tête de caoutchouc,"A chemist in his laboratory places upon a table his own head, alive; then fixing upon his head a rubber tube with a pair of bellows, he begins to blow with all his might. Immediately the head increases in size and continues to enlarge until it becomes truly colossal while making faces. The chemist, fearing to burst it, opens a cock in the tube. The head immediately contracts and resumes its original size. He then calls his assistant and informs him of his discovery. The assistant, wishing to experiment for himself, seizes the bellows and blows into the head with all his might. The head swells until it bursts with a crash, knocking over the two experimenters.",1.618458,/9oqTGZcQf0UwsbA8mKPeJzPRJ5e.jpg,"[{'name': 'Star Film Company', 'id': 45867}]","[{'iso_3166_1': 'FR', 'name': 'France'}]",1901-01-01,0,3.0,[],Released,,The Man with the Rubber Head,False,7.6,29
False,,0,"[{'id': 14, 'name': 'Fantasy'}]",,44333,tt0135179,fr,Les cartes vivantes,"A bearded magician holds up a large playing card and makes it larger. He tears up a card of a queen, burns the torn bits, and a life-size Queen of Hearts card appears; then, it becomes alive. The magician puts her back into the card. The same thing happens with the King of Clubs: the card becomes alive. The king removes his costume, and there's something very familiar about him. (IMDb)",0.208349,/v7V9SA14gmznzpvxbKCtA4BzQ7z.jpg,"[{'name': 'Star-Film', 'id': 7159}]","[{'iso_3166_1': 'FR', 'name': 'France'}]",1905-01-01,0,3.0,"[{'iso_639_1': 'xx', 'name': 'No Language'}]",Released,,The Living Playing Cards,False,6.1,8
False,,0,"[{'id': 14, 'name': 'Fantasy'}, {'id': 35, 'name': 'Comedy'}]",,49277,tt0135122,en,Les affiches en goguette,A wall full of advertising posters comes to life.,0.148131,/nLVgY3fYMnRbRzEoz3fF0wrqtCr.jpg,"[{'name': 'Star-Film', 'id': 7159}, {'name': 'Georges Méliès', 'id': 37046}]","[{'iso_3166_1': 'FR', 'name': 'France'}]",1906-01-01,0,3.0,"[{'iso_639_1': 'fr', 'name': 'Français'}, {'iso_639_1': 'xx', 'name': 'No Language'}]",Released,,The Hilarious Posters,False,4.5,2
False,,0,"[{'id': 14, 'name': 'Fantasy'}, {'id': 35, 'name': 'Comedy'}]",,49271,tt0127948,en,Le locataire diabolique,A man rents an apartment and furnishes it in remarkable fashion.,0.725084,/tX3x4Jms6xqVgiet0Ei2Ks0XkAg.jpg,"[{'name': 'Star Film Company', 'id': 45867}]","[{'iso_3166_1': 'FR', 'name': 'France'}]",1909-01-01,0,6.0,[],Released,,The Devilish Tenant,False,6.7,12
False,,0,[],,44324,tt0135631,fr,Le Roi du maquillage,"The background of this picture represents a scene along the beautiful river Seine in Paris. A gentleman enters, and taking a blackboard from the side of the picture, he draws on it a sketch of a novelist. Then, standing in the centre, he causes the living features of his sketch to appear in the place of his own, which is utterly devoid of whiskers. The change is made so mysteriously that the eye cannot notice it until one sees quite another person in the place of the first. Again another sketch is shown on the board, this one being that of a miser; then an English cockney; a comic character; a French policeman, and last of all, the grinning visage of Mephistopheles. It is almost impossible to give this film a more definite description; suffice it to say that it is something entirely new in motion pictures and is sure to please. Written by Méliès Catalog",0.213973,/ifWvveLPWWrzitz4oL01YMEokiB.jpg,"[{'name': 'Star Film Company', 'id': 45867}]","[{'iso_3166_1': 'FR', 'name': 'France'}]",1904-03-05,0,3.0,[],Released,,The Untameable Whiskers,False,6.0,6
False,,0,[],,122036,tt0224286,fr,Les Transmutations imperceptibles,This shows a prince entering upon the stage of the King's private theatre. He is about to do a few mystifying tricks for the amusement of the court.,0.071782,/ifWvveLPWWrzitz4oL01YMEokiB.jpg,"[{'name': 'Star Film Company', 'id': 45867}]","[{'iso_3166_1': 'FR', 'name': 'France'}]",1904-01-01,0,2.0,[],Released,,The Imperceptable Transmutations,False,5.0,2
False,,0,"[{'id': 16, 'name': 'Animation'}, {'id': 10751, 'name': 'Family'}]",,14885,tt0457437,en,Pooh's Heffalump Halloween Movie,"It's Halloween in the 100 Acre Wood, and Roo's best new friend, Lumpy, is looking forward to his first time trick-or-treating. That is, until Tigger warns them about the scary Gobloon, who'll turn them into jack-o'-lanterns if he catches them. But if Roo and Lumpy turn the tables on the Gobloon, they get to make a wish! Lumpy and Roo decide to be ""brave together, brave forever"" and catch the Gobloon so they can make their wishes come true.",2.568495,/yU6byKhpzHG1RFpY5PYM6mfhfU1.jpg,"[{'name': 'Walt Disney Pictures', 'id': 2}]","[{'iso_3166_1': 'US', 'name': 'United States of America'}]",2005-09-13,0,67.0,"[{'iso_639_1': 'en', 'name': 'English'}]",Released,Celebrate Lumpy's First Halloween.,Pooh's Heffalump Halloween Movie,False,5.4,7
False,,0,"[{'id': 14, 'name': 'Fantasy'}, {'id': 28, 'name': 'Action'}, {'id': 53, 'name': 'Thriller'}]",,49280,tt0135453,fr,L'Homme orchestre,"A band-leader has arranged seven chairs for the members of his band. When he sits down in the first chair, a cymbal player appears in the same chair, then rises and sits in the next chair. As the cymbal player sits down, a drummer appears in the second chair, and then likewise moves on to the third chair. In this way, an entire band is soon formed, and is then ready to perform.",1.109068,/ZLOgI7KjtWby1NEg2pjU2Id60W.jpg,"[{'name': 'Star Film Company', 'id': 45867}]","[{'iso_3166_1': 'FR', 'name': 'France'}]",1900-01-01,0,1.0,"[{'iso_639_1': 'xx', 'name': 'No Language'}]",Released,,The One-Man Band,False,6.5,22
False,,0,"[{'id': 35, 'name': 'Comedy'}, {'id': 14, 'name': 'Fantasy'}]",,106807,tt0135571,fr,Nouvelles luttes extravagantes,A series of fantastical wrestling matches.,0.225432,/tn5J3PszVETDkKj49nakmeqr8Od.jpg,"[{'name': 'Star-Film', 'id': 7159}]","[{'iso_3166_1': 'FR', 'name': 'France'}]",1900-01-01,0,2.0,"[{'iso_639_1': 'xx', 'name': 'No Language'}]",Released,,The Fat and Lean Wrestling Match,False,6.5,6
False,,0,"[{'id': 99, 'name': 'Documentary'}]",,276895,tt3054038,en,Deep Hearts,"Deep Hearts is a film about the Bororo Fulani, a nomadic society located in central Niger Republic and the title is a reference to an important aspect of these people’s thought and demeanor.",0.011025,/8jI4ykkIVDmrYgUjDld9i0aulMq.jpg,[],"[{'iso_3166_1': 'US', 'name': 'United States of America'}]",1981-01-01,0,58.0,"[{'iso_639_1': 'ff', 'name': 'Fulfulde'}, {'iso_639_1': 'en', 'name': 'English'}]",Released,,Deep Hearts,False,0.0,0
False,,0,"[{'id': 80, 'name': 'Crime'}, {'id': 18, 'name': 'Drama'}, {'id': 53, 'name': 'Thriller'}]",,404604,tt5690142,hi,Maa,"The bliss of a biology teacher’s family life in Delhi is shattered when her daughter, Arya  is physically assaulted by Jagan and gang. Does Devki Sabarwal wait for the law to take its course? Or does Devki become Maa Durga and hunt down the perpetrators of the crime?",1.559596,/zZwbntqdfKdVgzH1RoMHa99g0mJ.jpg,"[{'name': 'Mad Films', 'id': 82459}, {'name': 'Third Eye Pictures', 'id': 88831}]","[{'iso_3166_1': 'IN', 'name': 'India'}]",2017-07-07,0,146.0,"[{'iso_639_1': 'hi', 'name': 'हिन्दी'}]",Released,,Mom,False,6.6,14
False,,0,"[{'id': 35, 'name': 'Comedy'}, {'id': 18, 'name': 'Drama'}]",,420346,tt4130180,en,The Morning After,The Morning After is a feature film that consists of 8 vignettes that are inter-cut throughout the film. The 8 vignettes are about when you wake up next to someone the next morning...,0.139936,/rpkDqyKdXahRcZIEC9I02EBSwje.jpg,"[{'name': 'Oops Doughnuts Productions', 'id': 5698}, {'name': 'He and She Films', 'id': 85400}]","[{'iso_3166_1': 'US', 'name': 'United States of America'}]",2015-01-11,0,79.0,"[{'iso_639_1': 'en', 'name': 'English'}]",Released,What happened last night?,The Morning After,False,4.0,2
False,,0,[],,67179,tt0069215,it,San Michele aveva un gallo,"Sentenced to life imprisonment for illegal activities, Italian International member Giulio Manieri holds on to his political ideals while struggling against madness in the loneliness of his prison cell.",0.225051,/j1AN0L4motTt8SBxeTMXDtExsYl.jpg,[],[],1972-01-01,0,90.0,"[{'iso_639_1': 'it', 'name': 'Italiano'}]",Released,,St. Michael Had a Rooster,False,6.0,3
False,,0,"[{'id': 27, 'name': 'Horror'}, {'id': 9648, 'name': 'Mystery'}, {'id': 53, 'name': 'Thriller'}]",,84419,tt0038621,en,House of Horrors,"An unsuccessful sculptor saves a madman named ""The Creeper"" from drowning. Seeing an opportunity for revenge, he tricks the psycho into murdering his critics.",0.222814,/yMnq9mL5uYxbRgwKqyz1cVGCJYJ.jpg,"[{'name': 'Universal Pictures', 'id': 33}]","[{'iso_3166_1': 'US', 'name': 'United States of America'}]",1946-03-29,0,65.0,"[{'iso_639_1': 'en', 'name': 'English'}]",Released,Meet...The CREEPER!,House of Horrors,False,6.3,8
False,,0,"[{'id': 9648, 'name': 'Mystery'}, {'id': 27, 'name': 'Horror'}]",,390959,tt0265736,en,Shadow of the Blair Witch,"In this true-crime documentary, we delve into the murder spree that was the inspiration for Joe Berlinger's ""Book of Shadows: Blair Witch 2"".",0.076061,/q75tCM4pFmUzdCg0gqcOQquCaYf.jpg,[],[],2000-10-22,0,45.0,"[{'iso_639_1': 'en', 'name': 'English'}]",Released,,Shadow of the Blair Witch,False,7.0,2
False,,0,"[{'id': 27, 'name': 'Horror'}]",,289923,tt0252966,en,The Burkittsville 7,"A film archivist revisits the story of Rustin Parr, a hermit thought to have murdered seven children while under the possession of the Blair Witch.",0.38645,/lXtoHVdej6kS1Dc7KAhw05sMos9.jpg,"[{'name': 'Neptune Salad Entertainment', 'id': 27570}, {'name': 'Pirie Productions', 'id': 27571}]","[{'iso_3166_1': 'US', 'name': 'United States of America'}]",2000-10-03,0,30.0,"[{'iso_639_1': 'en', 'name': 'English'}]",Released,"Do you know what happened 50 years before ""The Blair Witch Project""?",The Burkittsville 7,False,7.0,1
False,,0,"[{'id': 878, 'name': 'Science Fiction'}]",,222848,tt0112613,en,Caged Heat 3000,"It's the year 3000 AD. The world's most dangerous women are banished to a remote asteroid 45 million light years from earth. Kira Murphy doesn't belong; wrongfully accused of a crime she did not commit, she's thrown in this interplanetary prison and left to her own defenses. But Kira's a fighter, and soon she finds herself in the middle of a female gang war; where everyone wants a piece of the action... and a piece of her! ""Caged Heat 3000"" takes the Women-in-Prison genre to a whole new level... and a whole new galaxy!",0.661558,/4lF9LH0b0Z1X94xGK9IOzqEW6k1.jpg,"[{'name': 'Concorde-New Horizons', 'id': 4688}]","[{'iso_3166_1': 'US', 'name': 'United States of America'}]",1995-01-01,0,85.0,"[{'iso_639_1': 'en', 'name': 'English'}]",Released,,Caged Heat 3000,False,3.5,1
False,,0,"[{'id': 18, 'name': 'Drama'}, {'id': 28, 'name': 'Action'}, {'id': 10749, 'name': 'Romance'}]",,30840,tt0102797,en,Robin Hood,"Yet another version of the classic epic, with enough variation to make it interesting. The story is the same, but some of the characters are quite different from the usual, in particular Uma Thurman's very special maid Marian. The photography is also great, giving the story a somewhat darker tone.",5.683753,/fQC46NglNiEMZBv5XHoyLuOWoN5.jpg,"[{'name': 'Westdeutscher Rundfunk (WDR)', 'id': 7025}, {'name': 'Working Title Films', 'id': 10163}, {'name': '20th Century Fox Television', 'id': 16323}, {'name': 'CanWest Global Communications', 'id': 38978}]","[{'iso_3166_1': 'CA', 'name': 'Canada'}, {'iso_3166_1': 'DE', 'name': 'Germany'}, {'iso_3166_1': 'GB', 'name': 'United Kingdom'}, {'iso_3166_1': 'US', 'name': 'United States of America'}]",1991-05-13,0,104.0,"[{'iso_639_1': 'en', 'name': 'English'}]",Released,,Robin Hood,False,5.7,26
False,,0,"[{'id': 18, 'name': 'Drama'}, {'id': 10751, 'name': 'Family'}]",http://www.imdb.com/title/tt6209470/,439050,tt6209470,fa,رگ خواب,Rising and falling between a man and woman.,0.072051,/jldsYflnId4tTWPx8es3uzsB1I8.jpg,[],"[{'iso_3166_1': 'IR', 'name': 'Iran'}]",,0,90.0,"[{'iso_639_1': 'fa', 'name': 'فارسی'}]",Released,Rising and falling between a man and woman,Subdue,False,4.0,1
False,,0,"[{'id': 18, 'name': 'Drama'}]",,111109,tt2028550,tl,Siglo ng Pagluluwal,An artist struggles to finish his work while a storyline about a cult plays in his head.,0.178241,/xZkmxsNmYXJbKVsTRLLx3pqGHx7.jpg,"[{'name': 'Sine Olivia', 'id': 19653}]","[{'iso_3166_1': 'PH', 'name': 'Philippines'}]",2011-11-17,0,360.0,"[{'iso_639_1': 'tl', 'name': ''}]",Released,,Century of Birthing,False,9.0,3
False,,0,"[{'id': 28, 'name': 'Action'}, {'id': 18, 'name': 'Drama'}, {'id': 53, 'name': 'Thriller'}]",,67758,tt0303758,en,Betrayal,"When one of her hits goes wrong, a professional assassin ends up with a suitcase full of a million dollars belonging to a mob boss ...",0.903007,/d5bX92nDsISNhu3ZT69uHwmfCGw.jpg,"[{'name': 'American World Pictures', 'id': 6165}]","[{'iso_3166_1': 'US', 'name': 'United States of America'}]",2003-08-01,0,90.0,"[{'iso_639_1': 'en', 'name': 'English'}]",Released,A deadly game of wits.,Betrayal,False,3.8,6
False,,0,[],,227506,tt0008536,en,Satana likuyushchiy,"In a small town live two brothers, one a minister and the other one a hunchback painter of the chapel who lives with his wife. One dreadful and stormy night, a stranger knocks at the door asking for shelter. The stranger talks about all the good things of the earthly life the minister is missing because of his puritanical faith. The minister comes to accept the stranger's viewpoint but it is others who will pay the consequences because the minister will discover the human pleasures thanks to, ehem, his sister- in -law… The tormented minister and his cuckolded brother will die in a strange accident in the chapel and later an infant will be born from the minister's adulterous relationship.",0.003503,/aorBPO7ak8e8iJKT5OcqYxU3jlK.jpg,"[{'name': 'Yermoliev', 'id': 88753}]","[{'iso_3166_1': 'RU', 'name': 'Russia'}]",1917-10-21,0,87.0,[],Released,,Satan Triumphant,False,0.0,0
False,,0,[],,461257,tt6980792,en,Queerama,"50 years after decriminalisation of homosexuality in the UK, director Daisy Asquith mines the jewels of the BFI archive to take us into the relationships, desires, fears and expressions of gay men and women in the 20th century.",0.163015,/s5UkZt6NTsrS7ZF0Rh8nzupRlIU.jpg,[],"[{'iso_3166_1': 'GB', 'name': 'United Kingdom'}]",2017-06-09,0,75.0,"[{'iso_639_1': 'en', 'name': 'English'}]",Released,,Queerama,False,0.0,0